"feature","abs_PCC"
"age_years",0.0522459612809999
"sex_0male_1female",0.0383395191317364
"episode_number",0.00112212662707647
