"feature","abs_t"
"age_years",648.983691034885
"sex_0male_1female",230.248530811032
"episode_number",207.343130392373
