"feature","abs_PCC"
"age_years",0.17008759684589
"sex_0male_1female",0.0197964782249117
"episode_number",0.00676393938209557
