"feature","abs_t"
"age_years",850.400972228857
"sex_0male_1female",266.611143017632
"episode_number",176.418437259933
